bin,mean,median,count
"(4.999, 13.0]",511.2827021258924,361.7844493821806,94
"(13.0, 18.0]",629.4736160171564,597.7138914644793,92
"(18.0, 24.0]",710.5918433397385,682.6778911871586,78
"(24.0, 53.0]",1206.8429097941928,1012.4248519778521,85
